[
    {
        "_id": "5b867631b870d818688fe1d7",
        "name": "Saurabh Gupta",
        "userName": "saurabhgupta",
        "email": "saurabh@gmail.com",
        "mobile": "747171256",
        "dateOfBirth": "1996-01-08T00:00:00.000Z",
        "gender": "M",
        "isVerified": false,
        "isDeleted": false,
        "profile": {
            "bio": "",
            "image": "",
            "experience": [],
            "education": [],
            "accomplishment": {
                "certifications": [],
                "awards": [],
                "publications": []
            },
            "skills": [],
            "endorsements": [
                {
                    "endorsementId": "e5f6aae29c5da8e8e84d8d7b4e541f67",
                    "endorsedBy": "pawwi",
                    "comment": "Chikna"
                }
            ]
        },
        "posts": [
            {
                 "content": "Good moorrrninggggg maaaaammmm..............",
                "postId": "e9e5d1a5-4f29-4d8a-a0bf-543b187b77a9",
                "timestamp": "2018-08-29T10:51:10.876Z",
                "likes": [],
                "comments": [
                    {
                        "commentedBy": "pawwi",
                        "content": "Hi Somu",
                        "timestamp": "2018-08-29T13:19:25.383Z"
                    },
                    {
                        "commentedBy": "pawwi",
                        "content": "Hi Sandip",
                        "timestamp": "2018-08-29T13:19:35.686Z"
                    }
                ]
            }
        ],
        "blocklist": {
            "blocked": [],
            "blockedBy": []
        },
        "connectionRequests": {
            "sent": [],
            "receive": []
        },
        "connections": [
            "hsagarthegr8",
            "pawwi"
        ],
        "followingCompany": []
    },
    {
        "_id": "5b867631b870d818688fe1d9",
        "name": "Himanshu Sagar",
        "userName": "hsagarthegr8",
        "email": "hsagarthegr8@gmail.com",
        "mobile": "7509406124",
        "dateOfBirth": "1996-10-21T00:00:00.000Z",
        "gender": "M",
        "isVerified": false,
        "isDeleted": false,
        "profile": {
            "bio": "",
            "image": "",
            "experience": [],
            "education": [],
            "accomplishment": {
                "certifications": [],
                "awards": [],
                "publications": []
            },
            "skills": [],
            "endorsements": []
        },
        "posts": [
        ],
        "blocklist": {
            "blocked": [],
            "blockedBy": []
        },
        "connectionRequests": {
            "sent": [],
            "receive": []
        },
        "connections": [
            "saurabhgupta"
        ],
        "followingCompany": []
    },
    {
        "_id": "5b867631b870d818688fe1d8",
        "name": "Pawan Parihar",
        "userName": "pawwi",
        "email": "pawan@gmail.com",
        "mobile": "8769873089",
        "dateOfBirth": "1996-09-14T00:00:00.000Z",
        "gender": "m",
        "isVerified": false,
        "isDeleted": false,
        "profile": {
            "bio": "",
            "image": "",
            "experience": [
                {
                    "experienceId": "e27807e2f51b9f0f608a4bbfdce3b176",
                    "designation": "A4",
                    "companyName": "Capgemini",
                    "timePeriod": "2018"
                }
            ],
            "education": [],
            "accomplishment": {
                "certifications": [],
                "awards": [],
                "publications": []
            },
            "skills": [],
            "endorsements": []
        },
        "posts": [
            {
                "content": "Hello Universe",
                "postId": "9ae62648-25e4-4661-8d9d-0ace1f9192b6",
                "timestamp": "2018-08-29T10:50:57.575Z",
                "likes": [
                    {
                        "likedBy": "saurabhgupta",
                        "timestamp": "2018-08-29T10:53:30.158Z"
                    }
                ],
                "comments": [
                    {
                        "commentedBy": "saurabhgupta",
                        "content": "Sb theek ho jaaega",
                        "timestamp": "2018-08-29T10:55:42.070Z"
                    },
                    {
                        "commentedBy": "pawwi",
                        "content": "Hi Saurabh",
                        "timestamp": "2018-08-29T13:17:59.743Z"
                    },
                    {
                        "commentedBy": "pawwi",
                        "content": "Hi Kameshwar",
                        "timestamp": "2018-08-29T13:18:16.102Z"
                    },
                    {
                        "commentedBy": "pawwi",
                        "content": "Hi Parag",
                        "timestamp": "2018-08-29T13:18:40.432Z"
                    }
                ]
            }
        ],
        "blocklist": {
            "blocked": [],
            "blockedBy": []
        },
        "connectionRequests": {
            "sent": [],
            "receive": []
        },
        "connections": [
            "saurabhgupta"
        ],
        "followingCompany": []
    }
]